{
    "AX": {
        "error": 0.005101579279868977, 
        "fit": "average", 
        "value": 0.037402868595818616
    }, 
    "CDD": {
        "error": 2.749975981048961e-06, 
        "fit": "average", 
        "value": 6.255160581350957e-06
    }, 
    "H1": {
        "error": 0.003811968037959391, 
        "fit": "average", 
        "value": -0.03635622487381413
    }, 
    "H2": {
        "error": 0.004815567138813036, 
        "fit": "average", 
        "value": 0.06962686254574496
    }, 
    "L1": {
        "error": 0.00435343449787825, 
        "fit": "average", 
        "value": 0.13069124313008074
    }, 
    "L2": {
        "error": 0.002011602598506353, 
        "fit": "average", 
        "value": 0.005640054235929625
    }
}