{
    "AX": {
        "error": 0.004748773474070027, 
        "fit": "average", 
        "value": 0.04015602487187649
    }, 
    "CDD": {
        "error": 3.2253973145240346e-06, 
        "fit": "average", 
        "value": 8.757224813891342e-06
    }, 
    "H1": {
        "error": 0.00395198175436301, 
        "fit": "average", 
        "value": -0.0347563038678679
    }, 
    "H2": {
        "error": 0.004611014231417119, 
        "fit": "average", 
        "value": 0.07517365982935104
    }, 
    "L1": {
        "error": 0.004651115710042833, 
        "fit": "average", 
        "value": 0.12358778866734908
    }, 
    "L2": {
        "error": 0.0021901983564488027, 
        "fit": "average", 
        "value": 0.013169733988084383
    }
}