{
    "AX": {
        "error": 0.0075448345062561, 
        "fit": "average", 
        "value": 0.04398302291896057
    }, 
    "CDD": {
        "error": 2.4944192246569762e-05, 
        "fit": "average", 
        "value": 0.0003102559703231627
    }, 
    "H1": {
        "error": 0.005742824091220066, 
        "fit": "average", 
        "value": -0.009174234627690677
    }, 
    "H2": {
        "error": 0.007497253922459169, 
        "fit": "average", 
        "value": 0.06326758256218637
    }, 
    "L1": {
        "error": 0.006989539797720381, 
        "fit": "average", 
        "value": 0.13159380520305755
    }, 
    "L2": {
        "error": 0.0032665889810396917, 
        "fit": "average", 
        "value": 0.0029667749253544837
    }
}