{
    "AX": {
        "error": 0.007082417663772298, 
        "fit": "average", 
        "value": 0.04523701744699816
    }, 
    "CDD": {
        "error": 2.5846683318110296e-05, 
        "fit": "average", 
        "value": 0.00022018165594733913
    }, 
    "H1": {
        "error": 0.005362393072605455, 
        "fit": "average", 
        "value": -0.015435418350931006
    }, 
    "H2": {
        "error": 0.00809358668494777, 
        "fit": "average", 
        "value": 0.0691329856759434
    }, 
    "L1": {
        "error": 0.006558629747318887, 
        "fit": "average", 
        "value": 0.12581734503458072
    }, 
    "L2": {
        "error": 0.0025571145645058107, 
        "fit": "average", 
        "value": 0.008185011332506648
    }
}