{
    "Ar36": {
        "error": 0.000319443049461439, 
        "filter_outliers_dict": {
            "filter_outliers": true, 
            "iterations": 1, 
            "std_devs": 2
        }, 
        "fit": "Linear", 
        "value": 0.015032325196906593
    }, 
    "Ar37": {
        "error": 0.009846843569682927, 
        "filter_outliers_dict": {
            "filter_outliers": true, 
            "iterations": 1, 
            "std_devs": 2
        }, 
        "fit": "linear", 
        "value": 1.347310174216394
    }, 
    "Ar38": {
        "error": 0.006336924481396731, 
        "filter_outliers_dict": {
            "filter_outliers": true, 
            "iterations": 1, 
            "std_devs": 2
        }, 
        "fit": "linear", 
        "value": 4.6581431394331325
    }, 
    "Ar39": {
        "error": 0.03266906060598426, 
        "filter_outliers_dict": {
            "filter_outliers": true, 
            "iterations": 1, 
            "std_devs": 2
        }, 
        "fit": "Linear", 
        "value": 365.7236972018025
    }, 
    "Ar40": {
        "error": 0.06856801865397497, 
        "filter_outliers_dict": {
            "filter_outliers": true, 
            "iterations": 1, 
            "std_devs": 2
        }, 
        "fit": "Linear", 
        "value": 1453.5197839889847
    }, 
    "Ar41": {
        "error": 0.005058915792089282, 
        "filter_outliers_dict": {
            "filter_outliers": true, 
            "iterations": 1, 
            "std_devs": 2
        }, 
        "fit": "Average", 
        "value": 0.11660439252734589
    }
}