{
    "Ar36": {
        "error": 0.0003233660380119929, 
        "filter_outliers_dict": {
            "filter_outliers": true, 
            "iterations": 1, 
            "std_devs": 2
        }, 
        "fit": "Linear", 
        "value": 0.01693631095918564
    }, 
    "Ar37": {
        "error": 0.010992187813893606, 
        "filter_outliers_dict": {
            "filter_outliers": true, 
            "iterations": 1, 
            "std_devs": 2
        }, 
        "fit": "linear", 
        "value": 0.7251584393786168
    }, 
    "Ar38": {
        "error": 0.0050173674527591, 
        "filter_outliers_dict": {
            "filter_outliers": true, 
            "iterations": 1, 
            "std_devs": 2
        }, 
        "fit": "linear", 
        "value": 2.098007792088075
    }, 
    "Ar39": {
        "error": 0.027084067683553068, 
        "filter_outliers_dict": {
            "filter_outliers": true, 
            "iterations": 1, 
            "std_devs": 2
        }, 
        "fit": "Linear", 
        "value": 159.2638416196783
    }, 
    "Ar40": {
        "error": 0.055242539267380895, 
        "filter_outliers_dict": {
            "filter_outliers": true, 
            "iterations": 1, 
            "std_devs": 2
        }, 
        "fit": "Linear", 
        "value": 635.905720948504
    }, 
    "Ar41": {
        "error": 0.004476752406416994, 
        "filter_outliers_dict": {
            "filter_outliers": true, 
            "iterations": 1, 
            "std_devs": 2
        }, 
        "fit": "Average", 
        "value": 0.1151326791052532
    }
}