{
    "Ar36": {
        "error": 0.00037687776927889483, 
        "fit": "Linear", 
        "value": 0.023414643570976057
    }, 
    "Ar37": {
        "error": 0.005012325931707513, 
        "fit": "linear", 
        "value": 1.292220094785344
    }, 
    "Ar38": {
        "error": 0.013657292178197052, 
        "fit": "linear", 
        "value": 5.531062068843333
    }, 
    "Ar39": {
        "error": 0.043323004423188774, 
        "fit": "Linear", 
        "value": 425.5815017679747
    }, 
    "Ar40": {
        "error": 0.08580290585449857, 
        "fit": "Linear", 
        "value": 1700.2269865334188
    }, 
    "Ar41": {
        "error": 0.005805175128291656, 
        "fit": "Average", 
        "value": 0.1457769293275122
    }
}