{
    "Ar36": {
        "error": 0.00031813379203105864, 
        "fit": "Linear", 
        "value": 0.010560310583948063
    }, 
    "Ar37": {
        "error": 0.005265542311662302, 
        "fit": "linear", 
        "value": 1.4075330175088405
    }, 
    "Ar38": {
        "error": 0.01209029353362009, 
        "fit": "linear", 
        "value": 5.801629786489311
    }, 
    "Ar39": {
        "error": 0.04985127012314355, 
        "fit": "Linear", 
        "value": 445.2938126335707
    }, 
    "Ar40": {
        "error": 0.11090493468957441, 
        "fit": "Linear", 
        "value": 1770.7388275932722
    }, 
    "Ar41": {
        "error": 0.005035581014807628, 
        "fit": "Average", 
        "value": 0.1405453493568709
    }
}