{
    "Ar36": {
        "error": 0.000340116924984987, 
        "fit": "Linear", 
        "value": 0.011266778220328216
    }, 
    "Ar37": {
        "error": 0.005940124060774859, 
        "fit": "linear", 
        "value": 1.6987418376633627
    }, 
    "Ar38": {
        "error": 0.011805063416016639, 
        "fit": "linear", 
        "value": 7.112236249979221
    }, 
    "Ar39": {
        "error": 0.054822595326989625, 
        "fit": "Linear", 
        "value": 547.685399166115
    }, 
    "Ar40": {
        "error": 0.1673735384324021, 
        "fit": "Linear", 
        "value": 2187.6212372426744
    }, 
    "Ar41": {
        "error": 0.005209851400395525, 
        "fit": "Average", 
        "value": 0.1549966221798738
    }
}