{
    "Ar36": {
        "error": 0.00040816311366628376, 
        "fit": "Linear", 
        "value": 0.02383319604302684
    }, 
    "Ar37": {
        "error": 0.0052535137746148285, 
        "fit": "linear", 
        "value": 1.3132445676968851
    }, 
    "Ar38": {
        "error": 0.010944323007744682, 
        "fit": "linear", 
        "value": 5.783607564598734
    }, 
    "Ar39": {
        "error": 0.046885901093133286, 
        "fit": "Linear", 
        "value": 444.3947876512053
    }, 
    "Ar40": {
        "error": 0.10586386048777835, 
        "fit": "Linear", 
        "value": 1777.1920117255104
    }, 
    "Ar41": {
        "error": 0.004698330989176232, 
        "fit": "Average", 
        "value": 0.1374581892866295
    }
}